{
  "random": {
    "mean_reward": -3435.216552734375,
    "std_reward": 2511.29248046875,
    "episodes": 60,
    "train_seeds": [
      42,
      123,
      456
    ],
    "eval_episodes_per_seed": 20,
    "seed_mean_rewards": [
      -2659.175048828125,
      -4013.85009765625,
      -3632.625
    ]
  },
  "base_stock": {
    "mean_reward": -3885.2333984375,
    "std_reward": 824.7842407226562,
    "episodes": 60,
    "train_seeds": [
      42,
      123,
      456
    ],
    "eval_episodes_per_seed": 20,
    "seed_mean_rewards": [
      -3979.175048828125,
      -3787.875,
      -3888.64990234375
    ]
  },
  "dqn": {
    "mean_reward": 749.2666625976562,
    "std_reward": 122.04088592529297,
    "episodes": 60,
    "train_seeds": [
      42,
      123,
      456
    ],
    "eval_episodes_per_seed": 20,
    "seed_mean_rewards": [
      789.9500122070312,
      728.2999877929688,
      729.5499877929688
    ]
  },
  "double_dqn": {
    "mean_reward": 789.0083618164062,
    "std_reward": 122.12532043457031,
    "episodes": 60,
    "train_seeds": [
      42,
      123,
      456
    ],
    "eval_episodes_per_seed": 20,
    "seed_mean_rewards": [
      813.0,
      785.7249755859375,
      768.2999877929688
    ]
  },
  "dueling_dqn": {
    "mean_reward": 798.3916625976562,
    "std_reward": 120.39483642578125,
    "episodes": 60,
    "train_seeds": [
      42,
      123,
      456
    ],
    "eval_episodes_per_seed": 20,
    "seed_mean_rewards": [
      792.5250244140625,
      783.0250244140625,
      819.625
    ]
  },
  "dueling_double_dqn": {
    "mean_reward": 790.7833251953125,
    "std_reward": 133.77549743652344,
    "episodes": 60,
    "train_seeds": [
      42,
      123,
      456
    ],
    "eval_episodes_per_seed": 20,
    "seed_mean_rewards": [
      838.5499877929688,
      747.375,
      786.4249877929688
    ]
  },
  "ppo": {
    "mean_reward": 818.1666870117188,
    "std_reward": 116.52906036376953,
    "episodes": 60,
    "train_seeds": [
      42,
      123,
      456
    ],
    "eval_episodes_per_seed": 20,
    "seed_mean_rewards": [
      820.0999755859375,
      809.4249877929688,
      824.9749755859375
    ]
  }
}