{
  "random": {
    "mean_reward": -2659.175048828125,
    "std_reward": 1980.1741943359375,
    "episodes": 20,
    "train_seeds": [
      42
    ],
    "eval_episodes_per_seed": 20,
    "seed_mean_rewards": [
      -2659.175048828125
    ]
  },
  "base_stock": {
    "mean_reward": -3979.175048828125,
    "std_reward": 833.8605346679688,
    "episodes": 20,
    "train_seeds": [
      42
    ],
    "eval_episodes_per_seed": 20,
    "seed_mean_rewards": [
      -3979.175048828125
    ]
  },
  "dqn": {
    "mean_reward": 758.0750122070312,
    "std_reward": 90.26921844482422,
    "episodes": 20,
    "train_seeds": [
      42
    ],
    "eval_episodes_per_seed": 20,
    "seed_mean_rewards": [
      758.0750122070312
    ]
  },
  "double_dqn": {
    "mean_reward": 819.1500244140625,
    "std_reward": 83.33773040771484,
    "episodes": 20,
    "train_seeds": [
      42
    ],
    "eval_episodes_per_seed": 20,
    "seed_mean_rewards": [
      819.1500244140625
    ]
  },
  "dueling_dqn": {
    "mean_reward": 763.0,
    "std_reward": 100.82087707519531,
    "episodes": 20,
    "train_seeds": [
      42
    ],
    "eval_episodes_per_seed": 20,
    "seed_mean_rewards": [
      763.0
    ]
  },
  "dueling_double_dqn": {
    "mean_reward": 831.9500122070312,
    "std_reward": 104.3564682006836,
    "episodes": 20,
    "train_seeds": [
      42
    ],
    "eval_episodes_per_seed": 20,
    "seed_mean_rewards": [
      831.9500122070312
    ]
  }
}