{
  "default_lambda": 10.0,
  "scenarios": [
    {
      "policy": "random",
      "num_firms": 3,
      "poisson_lambda": 10.0,
      "episodes": 60,
      "total_chain_mean_reward": -3693.4166948159536,
      "total_chain_std_reward": 2114.85981619246,
      "firm_mean_rewards": [
        -3914.3846780459085,
        -3713.517219877243,
        3934.4852031071982
      ],
      "firm_std_rewards": [
        2073.850824762507,
        2334.235920242599,
        2325.133566188692
      ],
      "service_level_by_firm": [
        0.9950782328195408,
        0.9888314580597982,
        0.9911406608497597
      ],
      "stockout_rate_by_firm": [
        0.004921767180459254,
        0.011168541940201764,
        0.008859339150240324
      ],
      "avg_inventory_by_firm": [
        89.04416666666665,
        85.094,
        94.55816666666668
      ],
      "avg_order_by_firm": [
        10.028166666666667,
        9.951833333333333,
        9.985666666666667
      ],
      "order_std_by_firm": [
        6.070313553589241,
        6.044351079497484,
        6.032782212397736
      ],
      "bullwhip_ratio_by_firm": [
        3.6515390201297846,
        3.6203708598070774,
        3.6065253679566287
      ],
      "reward_imbalance_index": 0.9479620938141646,
      "reward_components": {
        "revenue": [
          9974.166666666666,
          9321.196344661712,
          8680.026876036327
        ],
        "purchase_cost": [
          9426.47634194692,
          8757.613543001811,
          0.0
        ],
        "holding_cost": [
          4452.208333333333,
          4254.7,
          4727.908333333334
        ],
        "lost_sales_penalty": [
          9.866666666666667,
          22.4,
          17.633333333333333
        ],
        "final_reward": [
          -3914.3846780459085,
          -3713.517219877243,
          3934.4852031071982
        ]
      }
    },
    {
      "policy": "base_stock",
      "num_firms": 3,
      "poisson_lambda": 10.0,
      "episodes": 60,
      "total_chain_mean_reward": -3412.658350022634,
      "total_chain_std_reward": 392.6079366006539,
      "firm_mean_rewards": [
        -3888.838059012095,
        -3876.7137088775635,
        4352.893417867025
      ],
      "firm_std_rewards": [
        66.11937272872046,
        132.2674281203566,
        296.254888589286
      ],
      "service_level_by_firm": [
        1.0,
        1.0,
        1.0
      ],
      "stockout_rate_by_firm": [
        0.0,
        0.0,
        0.0
      ],
      "avg_inventory_by_firm": [
        89.80183333333332,
        89.57733333333334,
        89.344
      ],
      "avg_order_by_firm": [
        10.023666666666667,
        10.022833333333333,
        10.0325
      ],
      "order_std_by_firm": [
        6.723127240272037,
        8.589527265157933,
        8.802638453895213
      ],
      "bullwhip_ratio_by_firm": [
        4.4791577516892795,
        7.311259891545967,
        7.678553704937484
      ],
      "reward_imbalance_index": 0.9610972785086928,
      "reward_components": {
        "revenue": [
          10023.5,
          9422.246393648784,
          8820.093421141306
        ],
        "purchase_cost": [
          9422.246393648784,
          8820.093421141306,
          0.0
        ],
        "holding_cost": [
          4490.091666666666,
          4478.866666666667,
          4467.2
        ],
        "lost_sales_penalty": [
          0.0,
          0.0,
          0.0
        ],
        "final_reward": [
          -3888.838059012095,
          -3876.7137088775635,
          4352.893417867025
        ]
      }
    },
    {
      "policy": "random",
      "num_firms": 5,
      "poisson_lambda": 10.0,
      "episodes": 60,
      "total_chain_mean_reward": -12937.953349065781,
      "total_chain_std_reward": 1981.9991609072347,
      "firm_mean_rewards": [
        -3394.7430150349933,
        -4443.680562210083,
        -3963.4212247212727,
        -3942.57847328186,
        2806.469926182429
      ],
      "firm_std_rewards": [
        1944.7590835302938,
        2525.4478101767136,
        2381.1851009918228,
        2233.8417433992745,
        2482.784473548552
      ],
      "service_level_by_firm": [
        0.99544403983971,
        0.9889092714451606,
        0.9864000929908172,
        0.9858398518938573,
        0.9876990958166898
      ],
      "stockout_rate_by_firm": [
        0.004555960160289985,
        0.011090728554839361,
        0.013599907009182843,
        0.014160148106142736,
        0.012300904183310214
      ],
      "avg_inventory_by_firm": [
        81.08933333333333,
        95.90066666666668,
        89.08583333333334,
        88.2705,
        93.09233333333333
      ],
      "avg_order_by_firm": [
        9.903166666666667,
        10.036833333333332,
        9.992833333333333,
        9.972166666666666,
        9.9795
      ],
      "order_std_by_firm": [
        6.002121011683196,
        6.034772293872309,
        6.025289644951178,
        6.0377748637685675,
        6.047843672197031
      ],
      "bullwhip_ratio_by_firm": [
        3.569958694182864,
        3.608905186382854,
        3.597572499047265,
        3.612497264174301,
        3.6245559687900215
      ],
      "reward_imbalance_index": 0.7324179818404304,
      "reward_components": {
        "revenue": [
          9977.833333333334,
          9205.733012930552,
          8712.29354742368,
          8078.093120638529,
          7485.619924505551
        ],
        "purchase_cost": [
          9308.976343504588,
          8832.413549518586,
          8194.12311981519,
          7578.8465909401575,
          0.0
        ],
        "holding_cost": [
          4054.4666666666667,
          4795.033333333334,
          4454.291666666667,
          4413.525,
          4654.616666666667
        ],
        "lost_sales_penalty": [
          9.133333333333333,
          21.966666666666665,
          27.3,
          28.3,
          24.533333333333335
        ],
        "final_reward": [
          -3394.7430150349933,
          -4443.680562210083,
          -3963.4212247212727,
          -3942.57847328186,
          2806.469926182429
        ]
      }
    },
    {
      "policy": "base_stock",
      "num_firms": 5,
      "poisson_lambda": 10.0,
      "episodes": 60,
      "total_chain_mean_reward": -12314.283344841004,
      "total_chain_std_reward": 476.1252701493385,
      "firm_mean_rewards": [
        -3888.838059012095,
        -3876.7137088775635,
        -3873.7565010388694,
        -3854.2983882904055,
        3179.3233123779296
      ],
      "firm_std_rewards": [
        66.11937272872046,
        132.2674281203566,
        130.9777994730248,
        130.48521455436202,
        282.7370412889622
      ],
      "service_level_by_firm": [
        1.0,
        1.0,
        1.0,
        1.0,
        1.0
      ],
      "stockout_rate_by_firm": [
        0.0,
        0.0,
        0.0,
        0.0,
        0.0
      ],
      "avg_inventory_by_firm": [
        89.80183333333332,
        89.57733333333334,
        89.344,
        89.11483333333334,
        88.91766666666666
      ],
      "avg_order_by_firm": [
        10.023666666666667,
        10.022833333333333,
        10.0325,
        10.033166666666666,
        10.037166666666668
      ],
      "order_std_by_firm": [
        6.723127240272037,
        8.589527265157933,
        8.802638453895213,
        8.862245763474297,
        8.918134257729395
      ],
      "bullwhip_ratio_by_firm": [
        4.4791577516892795,
        7.311259891545967,
        7.678553704937484,
        7.782896871432218,
        7.88136986593732
      ],