{
  "default_num_firms": 3,
  "scenarios": [
    {
      "policy": "random",
      "num_firms": 3,
      "poisson_lambda": 8.0,
      "episodes": 60,
      "total_chain_mean_reward": -10610.875009266536,
      "total_chain_std_reward": 1805.7876856023229,
      "firm_mean_rewards": [
        -10831.842992496491,
        -3713.517219877243,
        3934.4852031071982
      ],
      "firm_std_rewards": [
        2492.605201469654,
        2334.235920242599,
        2325.133566188692
      ],
      "service_level_by_firm": [
        1.0,
        0.9888314580597982,
        0.9911406608497597
      ],
      "stockout_rate_by_firm": [
        0.0,
        0.011168541940201764,
        0.008859339150240324
      ],
      "avg_inventory_by_firm": [
        188.58066666666664,
        85.094,
        94.55816666666668
      ],
      "avg_order_by_firm": [
        10.028166666666667,
        9.951833333333333,
        9.985666666666667
      ],
      "order_std_by_firm": [
        6.070313553589241,
        6.044351079497484,
        6.032782212397736
      ],
      "bullwhip_ratio_by_firm": [
        4.526067518987505,
        4.487434713125229,
        4.470273283217656
      ],
      "reward_imbalance_index": 0.978842745884346,
      "reward_components": {
        "revenue": [
          8023.666666666667,
          9321.196344661712,
          8680.026876036327
        ],
        "purchase_cost": [
          9426.47634194692,
          8757.613543001811,
          0.0
        ],
        "holding_cost": [
          9429.033333333333,
          4254.7,
          4727.908333333334
        ],
        "lost_sales_penalty": [
          0.0,
          22.4,
          17.633333333333333
        ],
        "final_reward": [
          -10831.842992496491,
          -3713.517219877243,
          3934.4852031071982
        ]
      }
    },
    {
      "policy": "base_stock",
      "num_firms": 3,
      "poisson_lambda": 8.0,
      "episodes": 60,
      "total_chain_mean_reward": -6036.43335014979,
      "total_chain_std_reward": 383.15316503363306,
      "firm_mean_rewards": [
        -4142.698075739542,
        -4255.745364729563,
        2362.0100903193156
      ],
      "firm_std_rewards": [
        65.37082863455682,
        112.99258102944286,
        315.18103813642597
      ],
      "service_level_by_firm": [
        1.0,
        1.0,
        1.0
      ],
      "stockout_rate_by_firm": [
        0.0,
        0.0,
        0.0
      ],
      "avg_inventory_by_firm": [
        92.2975,
        94.2975,
        94.60700000000001
      ],
      "avg_order_by_firm": [
        8.0335,
        8.0595,
        8.087333333333333
      ],
      "order_std_by_firm": [
        6.05266148758822,
        8.206864591100869,
        8.579454502213355
      ],
      "bullwhip_ratio_by_firm": [
        4.499782788217995,
        8.27281504695323,
        9.041034578662796
      ],
      "reward_imbalance_index": 0.8624186594742173,
      "reward_components": {
        "revenue": [
          8023.666666666667,
          7551.489740276336,
          7092.360094006856
        ],
        "purchase_cost": [
          7551.489740276336,
          7092.360094006856,
          0.0
        ],
        "holding_cost": [
          4614.875,
          4714.875,
          4730.35
        ],
        "lost_sales_penalty": [
          0.0,
          0.0,
          0.0
        ],
        "final_reward": [
          -4142.698075739542,
          -4255.745364729563,
          2362.0100903193156
        ]
      }
    },
    {
      "policy": "random",
      "num_firms": 3,
      "poisson_lambda": 10.0,
      "episodes": 60,
      "total_chain_mean_reward": -3693.4166948159536,
      "total_chain_std_reward": 2114.85981619246,
      "firm_mean_rewards": [
        -3914.3846780459085,
        -3713.517219877243,
        3934.4852031071982
      ],
      "firm_std_rewards": [
        2073.850824762507,
        2334.235920242599,
        2325.133566188692
      ],
      "service_level_by_firm": [
        0.9950782328195408,
        0.9888314580597982,
        0.9911406608497597
      ],
      "stockout_rate_by_firm": [
        0.004921767180459254,
        0.011168541940201764,
        0.008859339150240324
      ],
      "avg_inventory_by_firm": [
        89.04416666666665,
        85.094,
        94.55816666666668
      ],
      "avg_order_by_firm": [
        10.028166666666667,
        9.951833333333333,
        9.985666666666667
      ],
      "order_std_by_firm": [
        6.070313553589241,
        6.044351079497484,
        6.032782212397736
      ],
      "bullwhip_ratio_by_firm": [
        3.6515390201297846,
        3.6203708598070774,
        3.6065253679566287
      ],
      "reward_imbalance_index": 0.9479620938141646,
      "reward_components": {
        "revenue": [
          9974.166666666666,
          9321.196344661712,
          8680.026876036327
        ],
        "purchase_cost": [
          9426.47634194692,
          8757.613543001811,
          0.0
        ],
        "holding_cost": [
          4452.208333333333,
          4254.7,
          4727.908333333334
        ],
        "lost_sales_penalty": [
          9.866666666666667,
          22.4,
          17.633333333333333
        ],
        "final_reward": [
          -3914.3846780459085,
          -3713.517219877243,
          3934.4852031071982
        ]
      }
    },
    {
      "policy": "base_stock",
      "num_firms": 3,
      "poisson_lambda": 10.0,
      "episodes": 60,
      "total_chain_mean_reward": -3412.658350022634,
      "total_chain_std_reward": 392.6079366006539,
      "firm_mean_rewards": [
        -3888.838059012095,
        -3876.7137088775635,
        4352.893417867025
      ],
      "firm_std_rewards": [
        66.11937272872046,
        132.2674281203566,
        296.254888589286
      ],
      "service_level_by_firm": [
        1.0,
        1.0,
        1.0
      ],
      "stockout_rate_by_firm": [
        0.0,
        0.0,
        0.0
      ],
      "avg_inventory_by_firm": [
        89.80183333333332,
        89.57733333333334,
        89.344
      ],
      "avg_order_by_firm": [
        10.023666666666667,
        10.022833333333333,
        10.0325
      ],
      "order_std_by_firm": [
        6.723127240272037,
        8.589527265157933,
        8.802638453895213
      ],
      "bullwhip_ratio_by_firm": [
        4.4791577516892795,
        7.311259891545967,
        7.678553704937484
      ],
      "reward_imbalance_index": 0.9610972785086928,
      "reward_components": {
        "revenue": [
          10023.5,
          9422.246393648784,
          8820.093421141306
        ],
        "purchase_cost": [
          9422.246393648784,
          8820.093421141306,
          0.0
        ],
        "holding_cost": [
          4490.091666666666,
          4478.866666666667,
          4467.2
        ],
        "lost_sales_penalty": [
          0.0,
          0.0,
          0.0
        ],
        "final_reward": [
          -3888.838059012095,
          -3876.7137088775635,
          4352.893417867025
        ]
      }
    },
    {
      "policy": "random",
      "num_firms": 3,
      "poisson_lambda": 12.0,
      "episodes": 60,
      "total_chain_mean_reward": -110.35835913022359,
      "total_chain_std_reward": 2226.681241224068,
      "firm_mean_rewards": [
        -331.3263423601786,
        -3713.517219877243,
        3934.4852031071982
      ],
      "firm_std_rewards": [
        639.0853346915032,
        2334.235920242599,
        2325.133566188692
      ],