{
  "random": {
    "policy": "random",
    "num_firms": 3,
    "poisson_lambda": 10.0,
    "episodes": 60,
    "total_chain_mean_reward": -3693.4166948159536,
    "total_chain_std_reward": 2114.85981619246,
    "firm_mean_rewards": [
      -3914.3846780459085,
      -3713.517219877243,
      3934.4852031071982
    ],
    "firm_std_rewards": [
      2073.850824762507,
      2334.235920242599,
      2325.133566188692
    ],
    "service_level_by_firm": [
      0.9950782328195408,
      0.9888314580597982,
      0.9911406608497597
    ],
    "stockout_rate_by_firm": [
      0.004921767180459254,
      0.011168541940201764,
      0.008859339150240324
    ],
    "avg_inventory_by_firm": [
      89.04416666666665,
      85.094,
      94.55816666666668
    ],
    "avg_order_by_firm": [
      10.028166666666667,
      9.951833333333333,
      9.985666666666667
    ],
    "order_std_by_firm": [
      6.070313553589241,
      6.044351079497484,
      6.032782212397736
    ],
    "bullwhip_ratio_by_firm": [
      3.6515390201297846,
      3.6203708598070774,
      3.6065253679566287
    ],
    "reward_imbalance_index": 0.9479620938141646,
    "reward_components": {
      "revenue": [
        9974.166666666666,
        9321.196344661712,
        8680.026876036327
      ],
      "purchase_cost": [
        9426.47634194692,
        8757.613543001811,
        0.0
      ],
      "holding_cost": [
        4452.208333333333,
        4254.7,
        4727.908333333334
      ],
      "lost_sales_penalty": [
        9.866666666666667,
        22.4,
        17.633333333333333
      ],
      "final_reward": [
        -3914.3846780459085,
        -3713.517219877243,
        3934.4852031071982
      ]
    }
  },
  "base_stock": {
    "policy": "base_stock",
    "num_firms": 3,
    "poisson_lambda": 10.0,
    "episodes": 60,
    "total_chain_mean_reward": -3412.658350022634,
    "total_chain_std_reward": 392.6079366006539,
    "firm_mean_rewards": [
      -3888.838059012095,
      -3876.7137088775635,
      4352.893417867025
    ],
    "firm_std_rewards": [
      66.11937272872046,
      132.2674281203566,
      296.254888589286
    ],
    "service_level_by_firm": [
      1.0,
      1.0,
      1.0
    ],
    "stockout_rate_by_firm": [
      0.0,
      0.0,
      0.0
    ],
    "avg_inventory_by_firm": [
      89.80183333333332,
      89.57733333333334,
      89.344
    ],
    "avg_order_by_firm": [
      10.023666666666667,
      10.022833333333333,
      10.0325
    ],
    "order_std_by_firm": [
      6.723127240272037,
      8.589527265157933,
      8.802638453895213
    ],
    "bullwhip_ratio_by_firm": [
      4.4791577516892795,
      7.311259891545967,
      7.678553704937484
    ],
    "reward_imbalance_index": 0.9610972785086928,
    "reward_components": {
      "revenue": [
        10023.5,
        9422.246393648784,
        8820.093421141306
      ],
      "purchase_cost": [
        9422.246393648784,
        8820.093421141306,
        0.0
      ],
      "holding_cost": [
        4490.091666666666,
        4478.866666666667,
        4467.2
      ],
      "lost_sales_penalty": [
        0.0,
        0.0,
        0.0
      ],
      "final_reward": [
        -3888.838059012095,
        -3876.7137088775635,
        4352.893417867025
      ]
    }
  }
}